<?xml version="1.0" encoding="utf-8"?>
<manifest xmlns="http://www.we7.cc" versionCode="0.6">
	<application setting="false">
		<name><![CDATA[外卖plus版|微外卖|扫码点餐|微餐饮|微点餐|微外送|生鲜|便利店|超市系统|跑腿|随意购|配送员]]></name>
		<identifie><![CDATA[we7_wmall_plus]]></identifie>
		<version><![CDATA[5.0.7]]></version>
		<type><![CDATA[business]]></type>
		<ability><![CDATA[外卖plus版|微外卖|扫码点餐|微餐饮|微点餐|微外送|生鲜|便利店|超市系统|跑腿|随意购|配送员]]></ability>
		<description><![CDATA[外卖plus版|微外卖|扫码点餐|微餐饮|微点餐|微外送|生鲜|便利店|超市系统]]></description>
		<author><![CDATA[蜗牛工作室]]></author>
		<url><![CDATA[http://www.liuyon.cn/]]></url>
	</application>
	<platform>
		<subscribes>
		</subscribes>
		<handles>
			<message type="location" />
			<message type="text" />
		</handles>
	</platform>
	<bindings>
		<cover>
			<entry title="外卖入口" do="guide" state="" direct="true" />
			<entry title="门店管理入口" do="mgindex" state="" direct="true" />
            <entry title="配送员管理入口" do="dyindex" state="" direct="true" />
            <entry title="商户入驻" do="settle" state="" direct="true" />
            <entry title="我的订单" do="order" state="" direct="true" />
            <entry title="会员中心" do="mine" state="" direct="true" />
		</cover>
		<menu>
			<entry title="门店管理" do="store" state="" direct="false" />
            <entry title="财务中心" do="ptftrade" state="" direct="false" />
            <entry title="订单处理中心" do="ptforder-stat" state="" direct="false" />
            <entry title="全屏引导页" do="ptfad" state="" direct="false" />
            <entry title="首页幻灯片" do="ptfslide" state="" direct="false" />
            <entry title="门店分类" do="ptfcategory" state="" direct="false" />
            <entry title="首页图片导航设置" do="ptfnav" state="" direct="false" />
            <entry title="会员管理" do="ptfmember" state="" direct="false" />
            <entry title="商户入驻" do="ptfsettle" state="" direct="false" />
            <entry title="配送员" do="ptfdeliveryer" state="" direct="false" />
            <entry title="商户投诉" do="ptfreport" state="" direct="false" />
            <entry title="短信平台" do="ptfsms" state="" direct="false" />
            <entry title="参数设置" do="ptfconfig" state="" direct="false" />
        </menu>
		<home>
			<entry title="点外卖" do="index" />
		</home>
		<profile>
			<entry title="点外卖" do="index" />
		</profile>
	</bindings>
    <install><![CDATA[install.php]]></install>
	<uninstall><![CDATA[uninstall.php]]></uninstall>
	<upgrade><![CDATA[upgrade.php]]></upgrade>
</manifest>
